curr_code,first_name,city
IRR,Juliana,Fareydūnshahr
IDR,Moira,Soreang
SEK,Lida,Mörrum
IDR,Rodd,Kruengraya
EUR,Shayla,Cerklje na Gorenjskem
GTQ,Tressa,San José El Ídolo
USD,Reg,Alhambra
IDR,Amargo,Langgapayung
CNY,Stephanie,Heishan
EUR,Lorant,Kuhmalahti
CAD,Hubey,Saint-Félicien
JPY,Jameson,Kasamatsuchō
CNY,Evelyn,Tianzhu
UAH,Hyacinthe,Otyniya
PEN,Pansie,El Ingenio
ETB,Freddy,Lalībela
RUB,Grazia,Slavgorod
BRL,Ikey,Chapadinha
EUR,Binnie,Kolympári
PKR,Theresa,Shāhpur Chākar
CNY,Gaylor,Xubao
JPY,Mercy,Yonago
USD,Crysta,Pedro Carbo
CNY,Avril,Qiaosi
PHP,Penelopa,Tuban
MXN,Vitia,San Sebastian
HRK,Mariam,Slobodnica
USD,Shandeigh,Latacunga
CNY,Margeaux,Touying
RUB,Hedda,Timiryazevskiy
ARS,Freddi,Río Gallegos
BRL,Giacomo,Santo Antônio do Amparo
EUR,Valle,Sankt Andrä-Höch
PHP,Ingrim,Buenlag
VND,Ramon,Thị Trấn Thất Khê
XCD,Gottfried,Port Elizabeth
BRL,Neale,São Bento do Sul
CAD,Filippo,Trois-Rivières
CNY,Teressa,Qiligang
IDR,Wang,Talangbetutu
CZK,Chico,Zlaté Hory
SEK,Lizzy,Finspång
ILS,Bucky,Al Mughayyir
CNY,Jacquelyn,Longgang
CNY,Meaghan,Daweishan
VUV,Rafaelita,Saratamata
SEK,Farrell,Kungsbacka
VEF,Bernadene,Güiria
USD,Curtis,New York City
TZS,Seamus,Shinyanga
LKR,Rianon,Colombo
KWD,Carlina,Ad Dasmah
IRR,Pearla,Behbahān
CNY,Howard,Lüxiang
EUR,Ramon,Wolfsberg
KMF,Lek,Pajé
CNY,Annalise,Daiyue
PEN,Asher,Amashca
COP,Tiffy,Villamaría
EUR,Lida,Rodez
BTN,Fiorenze,Trashigang
SEK,Kellia,Degeberga
CNY,Melonie,Zhangcun
PEN,Brooke,Chiara
CAD,Dallis,Arnprior
SYP,Bobbe,Al Qaryatayn
USD,Emmit,Beaumont
CNY,Ray,Yuanda
EUR,Lauryn,Ribaldeira
EUR,Lise,Skaramangás
THB,Siouxie,Kaeng Khro
CNY,Collette,Liugou
LKR,Tabby,Trincomalee
ALL,Brooks,Librazhd-Qendër
PHP,Claudine,Jovellar
MXN,Travers,Los Pinos
BYR,Corney,Lyuban’
PHP,Germaine,Sumilao
NGN,Zarla,Yuli
AFN,Verla,Nīkêh
JPY,Elaine,Sendai
KGS,Gar,Pokrovka
SEK,Genny,Stockholm
CNY,Delmore,Dianqian
PHP,Wandis,Libacao
CNY,Ingemar,Qagan Obo
EUR,Sherill,Levandeira
BRL,Johnna,Itaporanga
PHP,Clare,Malawa
SEK,Kahlil,Strömstad
IDR,Bax,Pantaihambawang
EUR,Jourdan,Khóra
CNY,Onfroi,Baojia
USD,Royal,Springfield
CNY,Kahlil,Lianhe
NOK,Filip,Oslo
CNY,Yolanda,Chenzui
PHP,Chancey,Malandag
GTQ,Tomlin,Soloma
BZD,Christabella,San Ignacio
PLN,Jacklyn,Czeremcha
CNY,Gretel,Beiguoyuan
HNL,Britt,San Diego
CNY,Skippie,Pantian
PHP,Karissa,Talangnan
JPY,Bartlett,Onoda
MGA,Danice,Morondava
ZAR,Arielle,Soweto
CNY,Archie,Shiquan
USD,Denver,Bloomington
USD,Halsey,Fullerton
EUR,Chrisse,Erími
EUR,Hogan,Issoudun
EUR,Vincenty,Arruda dos Vinhos
IDR,Den,Krajan Bejagung
KES,Brunhilda,Eldama Ravine
IDR,Tine,Karangbalong
PLN,Muire,Pewel Wielka
CNY,Sawyere,Guanxi
EUR,Orelie,Várzea
ZAR,Danna,Thaba Nchu
CNY,Reta,Xiongji
CNY,Diena,Dadukou
CNY,Marketa,Chenqing
IDR,Lorna,Wakduwa’ Barat
JPY,Emelina,Maruoka
HRK,Willyt,Marčelji
EUR,Carolan,Costa Nova do Prado
CNY,Maddie,Chendong
UAH,Dalli,Chortkiv
CAD,Renata,Sarnia
EUR,Dael,Chãos
THB,Cristal,Phatthalung
MAD,Heath,Taourirt
GEL,Dulcie,Akhaldaba
YER,Corny,Ḩabbān
RSD,Phaidra,Mali Iđoš
CNY,Elisabet,Duancun
IDR,Allie,Konga
UAH,Fidole,Kostryzhivka
IDR,Pascale,Cibangun Tengah
CNY,George,Changtang
EUR,Drona,Pai do Vento
EUR,Ferguson,Pelasgía
MNT,Isak,Har-Us
BYR,Corby,Ruzhany
EUR,Hans,Saint-Denis
RUB,Stephanus,Uvarovo
CNY,Mella,Dananshan
MKD,Allin,Kochani
PHP,Reidar,Bulacan
JPY,Barron,Obama
EUR,Reuven,Hoorn
BYR,Otha,Mir
CZK,Josefa,Kozmice
USD,Dmitri,Minneapolis
IDR,Devin,Pomahan
AMD,Randal,Saratak
IDR,Peg,Jatirejo
PHP,Cristy,Sulop
MNT,Carleton,Horgo
MYR,Sonny,Ipoh
EUR,Elyn,Cete
EUR,Tuesday,Greenhills
CNY,Max,Bopu
CNY,Miguelita,Xianyi
DKK,Shanna,København
CUP,Rock,Camajuaní
SEK,Helaine,Alingsås
RUB,Herrick,Mineralnye Vody
RUB,Scarface,Zyuzino
CNY,Benedetta,Yumendong
EUR,Dun,Mazamet
CNY,Bianka,Rentian
IDR,Ariella,Lodoyo
ZWL,Megan,Gweru
CNY,Nathanial,Yanglinqiao
ETB,Charmian,Ādīs Zemen
HRK,Seka,Koška
EUR,Christopher,Ágios Athanásios
UYU,Cathleen,Barra de Carrasco
RUB,Lorry,Chernyshkovskiy
IDR,Heriberto,Serang
EUR,Larine,Ortiga
EUR,Clemens,München
CAD,Hannah,Manning
IDR,Margareta,Lebak Timur
AFN,Nealson,Nahrīn
CNY,Thorn,Dushang
EUR,Amalie,Cachada
IDR,Lorens,Bau
THB,Iris,Ban Phue
BRL,Leonie,Luziânia
HUF,Saundra,Pécs
CNY,Kathleen,Tafeng
IDR,Rouvin,Kutamangu
CNY,Gilberte,Huainan
BRL,Hugues,Senador Pompeu
CNY,Lorelei,Daixi
SEK,Brennen,Stockholm
EUR,Arabel,Koper
RUB,Geno,Gorodets
BRL,Nikolia,Rio Verde de Mato Grosso
CNY,Vivyan,Songlong
IDR,Livvie,Sopla
CNY,Tatum,La’ershan
EUR,Wakefield,Fonte do Feto
USD,Henri,Buffalo
ILS,Karon,Jūrat ash Sham‘ah
CNY,Gerek,Shaba Zhen
CNY,Tildie,Taoyuan
EUR,Trixy,Lyon
CNY,Daisie,Bahui
UAH,Gare,Hlyboka
XAF,Frederich,Doba
PLN,Ase,Stare Miasto
UZS,Matteo,Sho’rchi
BGN,Loutitia,Kaloyanovo
CNY,Dael,Pozhang
IDR,Garner,Gandusari
EUR,Cecilio,Berdorf
RUB,Derek,Mikun’
NGN,Martainn,Port Harcourt
CUP,Monte,Artemisa
CNY,Glynnis,Lingyang
EUR,Ignacio,Barreiro
IDR,Barbaraanne,Weepanapi
BIF,Rochella,Muramvya
PHP,Dolph,Santiago
EUR,Paule,Pereiras
IDR,Muffin,Karangsari
JPY,Alice,Gifu-shi
XAF,Germayne,Bamenda
USD,Peg,Migrate
IDR,Elly,Anto
THB,Margarethe,Wang Nam Yen
USD,Essa,Ambato
USD,Tasha,Philadelphia
EUR,Giovanna,Hausjärvi
USD,Alexandra,Santa Cruz
ALL,Clementine,Laç
EUR,Perle,Limoges
USD,Rex,Youngstown
ZAR,Adi,Cape Town
CNY,Gertrud,Tomorlog
HRK,Kippy,Brinje
SEK,Efren,Vällingby
UAH,Chan,Veselynove
DOP,Salvador,Salsipuedes
AFN,Trixy,Quchanghī
CAD,Vaclav,Metchosin
DOP,Liane,San Francisco de Macorís
CUP,Mariska,Camajuaní
YER,Emalia,Sūq al Khamīs
GMD,Shay,Karantaba
ARS,Virgilio,Fontana
EUR,Morgan,Pöytyä
CNY,Alaine,Chengguan
CNY,Giff,Dongsheng
PLN,Jodee,Klimontów
RUB,Samuele,Chemodanovka
BRL,Annissa,Pompéu
IDR,Earlie,Pulorejo
BRL,Claresta,Gavea
USD,Ardys,Charleston
RUB,Holly-anne,Kupchino
BRL,Aloise,Goiânia
NGN,Fitzgerald,Isu
CNY,Donal,Yunyang
EUR,Hobey,Sarreguemines
IDR,Malia,Jambuwerkrajan
BRL,Dorey,Guarapuava
MNT,Albie,Tsagaandörvölj
PLN,Nanni,Turze Pole
KZT,Kylila,Akzhal
PEN,Carina,Putina
EUR,Loree,Gastoúni
SEK,Emily,Perstorp
IDR,Damara,Ngulung Wetan
MGA,Lem,Belo sur Tsiribihina
CNY,Reinald,Jiyang
PHP,Guenna,Talisayan
CNY,Fabian,Qianwei
PLN,Pierce,Strawczyn
BRL,Callean,Tabatinga
BRL,Sabina,Toritama
PKR,Bertrando,Sann
IDR,Freedman,Kuala Bintang
IDR,Bartlet,Campurrejo
HRK,Prinz,Ludbreg
CNY,Lauren,Mingfeng
EUR,Giorgi,Kallífytos
GHS,Enid,Sekondi-Takoradi
CNY,Zea,Fenghua
IDR,Gates,Glempang Tengah
PHP,Cal,Malinaw
XOF,Briny,Abengourou
EUR,Mirabel,Roma
PHP,Una,Dulian
XCD,Donal,Basseterre
PLN,Benjamen,Żabieniec
UAH,Joceline,Voyutychi
PHP,Gregorius,Pilar
CNY,Lindsay,Lümeng
RUB,Granthem,Mikhaylovsk
CNY,Hulda,Muzi
BOB,Lonni,Vallegrande
EUR,Bobbie,Charleville-Mézières
CNY,Oran,Zili
EUR,Orren,Kyriáki
IDR,Keriann,Padasono
CNY,Dari,Yangpu
IDR,Mal,Lela
IDR,Chrissie,Gunungjulang
PHP,Vida,Dungon
EUR,Michel,Paris 12
CNY,Marleah,Quanshang
PHP,Kiri,Comillas Norte
USD,Arlen,Jacksonville
IDR,Rosemonde,Sapeken
PHP,Orelie,Pudoc North
DOP,Ronna,Bajos de Haina
PHP,Hailey,Patayac
BYR,Rosamund,Tsimkavichy
EUR,Nicholas,Quintas
CNY,Cirilo,Hongguang
RUB,Jack,Almaznyy
BDT,Alyson,Barisāl
BYR,Peggy,Novosel’ye
EUR,Jewelle,Paris La Défense
ALL,Cherry,Durrës
PEN,Yardley,Cajabamba
EUR,Freeman,Cete
SYP,Mata,Darkūsh
UAH,Burch,Obroshyne
MXN,Marybeth,San Miguel
USD,Arlyn,Omaha
ALL,Arther,Gostimë
PHP,Electra,San Juan
EUR,Raff,Cernache do Bonjardim
SEK,Tiler,Halmstad
ARS,Kailey,Rosario de Lerma
PLN,Land,Reszel
CNY,Carmon,Shengli
BGN,Dulcea,Vetrino
EUR,Merry,Casa Nova
BRL,Corbie,Pedregulho
PKR,Bill,Jāmpur
EUR,Kerr,Serra de Santa Marinha
BRL,Roderick,Armação de Búzios
USD,Morgan,San Francisco
CNY,Etti,Xiushan
IDR,Tully,Lamalewo
LYD,Krysta,Tūkrah
EUR,Claire,Atouguia
MNT,Marabel,Mayhan
IDR,Sammy,Cipanjang
MYR,Clementia,Pulau Pinang
IDR,Zane,Gobang
CNY,Constantino,Ordos
CNY,Merci,Xinhua
IDR,Patty,Ransiki
EUR,Trueman,Pyhäntä
IDR,Lorilee,Luthu
RUB,Lavena,Lesnoy
TND,Olin,Al Maşdūr
PHP,Adriaens,Barong
CAD,Emery,Langford
EUR,Malia,Ampelákia
CZK,Ruddie,Sobotka
CNY,Bastien,Shangju
EUR,Glynis,Soito
SEK,Brice,Borås
IDR,Allys,Gombong
ALL,Zorah,Roshnik
IDR,Iggie,Sorinomo
USD,Eugine,Phoenix
CNY,Clemmy,Sifangxi
BGN,Susann,Nesebar
PHP,Ashien,Culacling
CNY,Alisander,Sumeng
DOP,Iolanthe,Concepción de La Vega
EUR,Grata,Vale de Santarém
CNY,Layton,Dinggou
VND,Hildegarde,Vũ Quang
PLN,Renault,Borzechów
EUR,Jedd,Langres
PHP,Sheela,Tuban
IDR,Marla,Pepe
PHP,Brandea,MacArthur
NOK,Kile,Oslo
KZT,Patty,Aksu
PHP,Cesare,Jagna
IDR,Sloan,Kalembutillu
IDR,Yetta,Hariang
CNY,Shara,Jiuxi
RUB,Bee,Sertolovo
BAM,Goldie,Gornje Živinice
CNY,Jeni,Yangdian
BRL,Cyndie,Canoas
EUR,Roi,Lannion
IDR,Reinhard,Turirejo
SEK,Therese,Karlskrona
CUP,Hedwig,Santa Cruz del Norte
RUB,Curr,Khorlovo
XOF,Tish,Bassar
CNY,Briano,Shuangjing
CAD,Craggy,Renfrew
ARS,Sandye,Marull
IDR,Ellerey,Sukamulya
GBP,Bart,Twyford
KRW,Minerva,Songwon
BRL,Thomasina,Garanhuns
RUB,Karl,Khvalovo
RUB,Rube,Rovnoye
CNY,Gilbertina,Xibin
GBP,Linnea,Norton
CNY,Huntley,Fengjiang
PLN,Nels,Ursynów
CZK,Olga,Oldřišov
CNY,Yehudi,Laojiangjunjie
RUB,Izak,Povarovo
PHP,Cathleen,Buenavista
EUR,Libbie,Limoges
RUB,Oralia,Ochër
EUR,Caryn,Trieste
CNY,Stanislaw,Qiongshan
AFN,Lenora,Qarqīn
SEK,Kaleena,Västerås
PAB,Danny,Guadalupe
IDR,Genna,Cidikit Girang
EUR,Ramon,Aix-en-Provence
EUR,Demetris,São Paio de Gramaços
VEF,Fawn,Los Guayos
CNY,Dominick,Yangxunqiao
MXN,Marcellus,Cuauhtemoc
CNY,Carce,Wangshi
ZAR,Frederico,Dordrecht
RUB,Clemente,Sokol
PKR,Willdon,Kotli Lohārān
CNY,Ellynn,Nankeng
ALL,Emile,Lunik
EUR,Andre,Clermont-Ferrand
CZK,Radcliffe,Albrechtice
COP,Eleen,Campoalegre
USD,Maude,Birmingham
CNY,Ede,Yanzhou
EUR,Cacilie,Saint-Germain-en-Laye
IDR,Hanni,Paya Dapur
CNY,Ives,Wuyang
IDR,Dinnie,Purwodadi
COP,Latashia,Los Patios
IDR,Flore,Simpang
CNY,Hilario,Huaidao
ARS,Crystie,Concordia
IDR,Emera,Warung Wetan
EUR,Berne,Tournan-en-Brie
PHP,Mahmud,Suklayin
CNY,Lanni,Zhouzhuang
SEK,Bent,Örebro
KZT,Jorge,Sorang
EUR,Carry,Suure-Jaani
BGN,Jojo,Sapareva Banya
THB,Bonni,Kut Bak
RUB,Adina,Zelenograd
JPY,Ashbey,Arai
EUR,Drusilla,Blessington
EUR,Konstanze,Cortinhas
MNT,Jacintha,Buyant
BRL,Corney,Araguaiana
MXN,Husein,San Isidro
HUF,Ketty,Budapest
EUR,Sonnie,Paris 09
JPY,Alexa,Kaminoyama
BRL,Bernita,Irará
CNY,Magnum,Zhongnan
XOF,Lanette,Issia
SEK,Hilde,Askersund
PLN,Mitchael,Wawer
MNT,Pier,Rashaant
RSD,Hubert,Nikinci
UGX,Demetris,Kaliro
PLN,Lizbeth,Dobczyce
CNY,Afton,Podu
CNY,Ricky,Daba
HRK,Zacherie,Galižana
BWP,Hillary,Lenchwe Le Tau
RUB,Meggie,Kuybyshevskiy Zaton
USD,Dion,Atuntaqui
CNY,Koenraad,Hekou
RSD,Calida,Lukićevo
EUR,Shelly,Urrô
CNY,Grete,Xiaji
PHP,Anastasia,Bangad
SEK,Darlleen,Staffanstorp
YER,Rodrique,Al Qaţn
CNY,Tomasina,Shuangqiao
PHP,Eberhard,Sigma
CNY,Norah,Xiantang
IDR,Etti,Dolulolong
